{
  "arabica": [
    {
      "foto": "images/produk/product_capuchino.jpg",
      "nama": "Cappuccino Arabica",
      "size": "500 Gram",
      "harga": "200.000",
      "link": "https://www.google.com/search?q=cappuccino+arabica&tbm=shop"
        },
    {
      "foto": "images/produk/product_espresso.jpg",
      "nama": "Pahit Arabica",
      "size": "100 Gram",
      "harga": "100.000",
      "link": "https://www.google.com/search?q=pahit+arabica&tbm=shop"
        },
    {
      "foto": "images/produk/product_latte.jpg",
      "nama": "Latte Arabica",
      "size": "150 Gram",
      "harga": "150.000",
      "link": "https://www.google.com/search?q=latte+arabica&tbm=shop"
        }
    ],
  "robusta": [
    {
      "foto": "images/produk/product_kopi_susu.jpg",
      "nama": "Kopsus Robusta",
      "size": "100 Gram",
      "harga": "500.000",
      "link": "https://www.google.com/search?q=kopi+susu+robusta&tbm=shop"
        },
    {
      "foto": "images/produk/product_latte.jpg",
      "nama": "Latte Robusta",
      "size": "150 Gram",
      "harga": "150.000",
      "link": "https://www.google.com/search?q=latte+robusta&tbm=shop"
        },
    {
      "foto": "images/produk/product_latte.jpg",
      "nama": "Latte Robusta",
      "size": "150 Gram",
      "harga": "150.000",
      "link": "https://www.google.com/search?q=latte+robusta&tbm=shop"
        }
    ],
  "nonkopi": [
    {
      "foto": "https://aromarasa.com/wp-content/uploads/2021/04/cara-membuat-es-campur-spesial-enak-tanpa-ribet.jpg",
      "nama": "Es Campur",
      "size": "100 Gram",
      "harga": "15.000",
      "link": "https://www.google.com/search?q=es+campur&source=lmns&tbm=shop&bih=775&biw=1600&hl=id&sa=X&ved=2ahUKEwjR-dX1nq6AAxW-6DgGHdtNA5gQ0pQJKAN6BAgBEAg"
        },
    {
      "foto": "https://www.sasa.co.id/medias/page_medias/es_cendol_nangka.jpg",
      "nama": "Es Cendol",
      "size": "100 Gram",
      "harga": "20.000",
      "link": "https://www.google.com/search?q=es+campur&source=lmns&tbm=shop&bih=775&biw=1600&hl=id&sa=X&ved=2ahUKEwjR-dX1nq6AAxW-6DgGHdtNA5gQ0pQJKAN6BAgBEAg"
        },
    {
      "foto":"https://encrypted-tbn0.gstatic.com/images?q=tbn:ANd9GcTqgsOZCjFjpHyhzQogv2o0wkxwC639wjMGgw&usqp=CAU", 
      "nama":" Es Buah", 
      "size":" 150 Gram", 
      "harga":" 15.000", 
      "link":"https://www.google.com/aclk?sa=l&ai=DChcSEwiu-rrsia-AAxUOmmYCHTTCCC8YABAHGgJzbQ&ae=1&sig=AOD64_2-dxpxz6rgJ9sxpW966A3eyBqscw&ctype=5&q=&ved=0ahUKEwj-3Lbsia-AAxWjoGMGHSsGDt4Qww8IrQg&adurl=https://www.tokopedia.com/rekomendasi/3074789115%3Fref%3Dgoogleshopping%26c%3D17610539693%26m%3D395801881%26p%3D3074789115%26gclsrc%3Daw.ds%26gclid%3DEAIaIQobChMIrvq67ImvgAMVDppmAh00wggvEAQYBCABEgKWpvD_BwE"
    }
    ], 
  "cemilan":[
    {
      "foto":"https://asset-a.grid.id/crop/0x0:0x0/360x240/photo/2022/04/22/resep-roti-martabak-isi-cokelat-20220422043354.jpg", 
      "nama":"Roti Bakar",
      "size":"100 Gram",
      "harga":"25.000",
      "link":"https://www.google.com/aclk?sa=l&ai=DChcSEwjrmbyV37OAAxWimWYCHZOUDDEYABAHGgJzbQ&ae=1&sig=AOD64_3EBtLbiCQPnzRB9JsGm0ZdeHxdRQ&ctype=5&q=&ved=0ahUKEwjU8beV37OAAxVFdmwGHTojADAQww8I7gs&adurl=https://shopee.co.id/product/37191412/12764727139%3Fgclid%3DEAIaIQobChMI65m8ld-zgAMVoplmAh2TlAwxEAQYBCABEgJW-fD_BwE"
    }, 
    {
      "foto":"https://encrypted-tbn0.gstatic.com/images?q=tbn:ANd9GcThiaxOw_BMcwZ3zlhbwZ_KEaBo8GJgnA8inQ&usqp=CAU", 
      "nama":"Martabak Manis", 
      "size":"150 Gram", 
      "harga":"40.000", 
      "link":"https://www.google.com/aclk?sa=l&ai=DChcSEwixpNf74LOAAxWhEYMDHcOJBYsYABAFGgJzZg&ae=1&sig=AOD64_1aSSj-fC4xpx1iG1OUkB2VwzNtLQ&ctype=5&q=&ved=0ahUKEwiB09L74LOAAxXu1TgGHT-rAxMQww8IkQg&adurl=https://shopee.co.id/product/123033070/21277754426%3Fgclid%3DEAIaIQobChMIsaTX--CzgAMVoRGDAx3DiQWLEAQYAyABEgKISvD_BwE"
    }, 
    {
      "foto":"https://assets.grab.com/wp-content/uploads/sites/9/2019/12/17170835/ID-cemilan-kekinian-churrobites-700x855.jpg", 
      "nama":"Churros",
      "size":"200 Gram",
      "harga":"50.000", 
      "link":"https://www.google.com/aclk?sa=l&ai=DChcSEwjgmMS447OAAxWCAHIKHfkEBmIYABABGgJzZg&ae=1&sig=AOD64_13CK3kUG8U2ce83D68GLv3vXqbKA&ctype=5&q=&ved=0ahUKEwi5wr-447OAAxXRTmwGHQXhAhsQww8I1Qg&adurl=https://shopee.co.id/product/25758731/375082687%3Fgclid%3DEAIaIQobChMI4JjEuOOzgAMVggByCh35BAZiEAQYASABEgJAn_D_BwE"
    }, 
    {
      "foto":"https://encrypted-tbn0.gstatic.com/images?q=tbn:ANd9GcQtdIrYZhDGHL31ZLEjzCTWfJzf5VJ2js-e8g&usqp=CAU", 
      "nama":"Pisang Nugget",
      "size":"200 Gram",
      "harga":"40.000",
      "link":"https://www.google.com/aclk?sa=l&ai=DChcSEwjRyv-l5LOAAxUDXn0KHSacCBcYABABGgJzZg&ae=1&sig=AOD64_2NzCvrLsP85dIxv-Aa47_7vw96-Q&ctype=5&q=&ved=0ahUKEwiqq_ul5LOAAxXoXmwGHSvPB00Qww8IyQw&adurl=https://shopee.co.id/product/14261678/6934190201%3Fgclid%3DEAIaIQobChMI0cr_peSzgAMVA159Ch0mnAgXEAQYASABEgLjr_D_BwE"
    }
    ]
}
